{"list":[{"fd_id":"154cdac23559023e0e69f4741908bb47","doc_subject":"关于财务共享中心客服费用报销热线的公告","doc_create_time":"2016-05-20 00:05:00","fd_name":"财务共享中心","fd_title":"公司通知/公告","rn":"1"},{"fd_id":"145a798c17e2887fbaedd004fa892b8d","doc_subject":"福建大区泉州中骏世界城店员工内部竞聘的通知","doc_create_time":"2014-04-28 17:04:00","fd_name":"福建大区人力资源部","fd_title":"大区通知/公告","rn":"2"},{"fd_id":"145971551f9a8e27fe162594cb3bd0a6","doc_subject":"人事公告","doc_create_time":"2014-04-25 12:04:00","fd_name":"公司人力资源部","fd_title":"     公司通知/公告","rn":"3"},{"fd_id":"1458745ea6242c60344f57f4e0799387","doc_subject":"华西大区新店开店部内部竞聘通知","doc_create_time":"2014-04-22 10:04:00","fd_name":"重庆地区人力资源部","fd_title":"     大区通知/公告","rn":"4"},{"fd_id":"14577c3550082a7c4b58ff547aaa2f8b","doc_subject":"关于Y餐厅暂停供应餐饮的紧急通知","doc_create_time":"2014-04-19 10:04:00","fd_name":"行政中心","fd_title":"     公司通知/公告","rn":"5"},{"fd_id":"1457791a18c098635235a6c4baba70c2","doc_subject":"安徽大区——合肥贵池路店内部竞聘通知","doc_create_time":"2014-04-19 09:04:00","fd_name":"纪莉","fd_title":"     大区通知/公告","rn":"6"},{"fd_id":"14573843aa65c0cc01c034f41958a66a","doc_subject":"东北大区新店开业内部竞聘通知","doc_create_time":"2014-04-18 14:04:00","fd_name":"东北大区人力资源部","fd_title":"     大区通知/公告","rn":"7"},{"fd_id":"145637ff1f8fd3d451da0084e259adf0","doc_subject":"关于福建大区停用K3系统有关事宜通知","doc_create_time":"2014-04-15 12:04:00","fd_name":"信息中心","fd_title":"     公司通知/公告","rn":"8"},{"fd_id":"1455e89beb4b3d617bd64bc44359f6f6","doc_subject":"福建大区福州市4家店食品用品经理内部竞聘的通知","doc_create_time":"2014-04-14 12:04:00","fd_name":"福建大区人力资源部","fd_title":"大区通知/公告","rn":"9"},{"fd_id":"1454fea1cc14913d64703444cedaa926","doc_subject":"安徽大区——安徽合肥 北城购物中心店的内部竞聘通知 ","doc_create_time":"2014-04-11 16:04:00","fd_name":"纪莉","fd_title":"     大区通知/公告","rn":"10"}]}