{
    "list": [{
        "url": "http://mip.midea.com.cn/mip/km/archives/km_archives_main/kmArchivesMain.do?method=view&s_css=midea&fdId=7970474309",
        "RN": "1",
        "createdate": "2017-03-03 16:15:38",
        "fdId": "7970474309",
        "docCreator": "说吧",
        "selectcount": "146",
        "title": "QM-GC06.0004-2017 市场重大质量事故管理办法",
        "docCultureUrl": "http://mip.midea.com.cn/mip/km/archives/km_archives_main/kmArchivesMain.do?method=view&s_css=midea&fdId=7970474309"
    }, {
        "url": "http://mip.midea.com.cn/mip/km/archives/km_archives_main/kmArchivesMain.do?method=view&s_css=midea&fdId=7980664166",
        "RN": "2",
        "createdate": "2017-03-03 14:54:06",
        "fdId": "7980664166",
        "docCreator": "优惠",
        "selectcount": "146",
        "title": "美集产品字[2017]016号 关于2017年基本性能开展方案和评价机制",
        "docCultureUrl": "http://mip.midea.com.cn/mip/km/archives/km_archives_main/kmArchivesMain.do?method=view&s_css=midea&fdId=7980664166"
    }],
    "detail": [{
        "url": "https://image.baidu.com/search/detail?ct=503316480&z=0&ipn=d&word=%E9%A3%8E%E6%99%AF%E5%9B%BE%E7%89%87&hs=2&pn=0&spn=0&di=97836009151&pi=0&rn=1&tn=baiduimagedetail&is=0%2C0&ie=utf-8&oe=utf-8&cl=2&lm=-1&cs=1089399937%2C1684001946&os=421551267%2C2858053390&simid=3471456305%2C380143862&adpicid=0&lpn=0&ln=30&fr=ala&fm=&sme=&cg=&bdtype=0&oriquery=%E9%A3%8E%E6%99%AF%E5%9B%BE%E7%89%87&objurl=http%3A%2F%2Fpic.58pic.com%2F58pic%2F14%2F27%2F45%2F71r58PICmDM_1024.jpg&fromurl=ippr_z2C%24qAzdH3FAzdH3Fooo_z%26e3Bcbrtv_z%26e3Bv54AzdH3Ff7vwtAzdH3F89d09c08_z%26e3Bip4s&gsm=0",
        "fdId": "7970474309"
    },{
        "url": "https://image.baidu.com/search/detail?ct=503316480&z=0&ipn=d&word=%E9%A3%8E%E6%99%AF%E5%9B%BE%E7%89%87&hs=2&pn=1&spn=0&di=185068919311&pi=0&rn=1&tn=baiduimagedetail&is=0%2C0&ie=utf-8&oe=utf-8&cl=2&lm=-1&cs=2389140428%2C1315216178&os=3175731272%2C3143961760&simid=3326044884%2C185375632&adpicid=0&lpn=0&ln=30&fr=ala&fm=&sme=&cg=&bdtype=0&oriquery=%E9%A3%8E%E6%99%AF%E5%9B%BE%E7%89%87&objurl=http%3A%2F%2Fpic11.nipic.com%2F20101214%2F213291_155243023914_2.jpg&fromurl=ippr_z2C%24qAzdH3FAzdH3Fooo_z%26e3Bgtrtv_z%26e3Bv54AzdH3Ffi5oAzdH3F9a90n9a_z%26e3Bip4s&gsm=0",
        "fdId": "7980664166"

    }]
}
