{
    "bundle-js": [
        "lib/components/less/dist/less.min.js",
        "__WITH_GULP_JQUERY__lib/components/jquery/jquery-lite.min.js",
        "lib/components/angular/angular.min.js",
        "lib/components/angular-animate/angular-animate.min.js",
        "lib/components/angular-sanitize/angular-sanitize.min.js",
        "lib/components/angular-ui-router/release/angular-ui-router.min.js",
        "lib/components/ionic/release/js/ionic.min.js",
        "lib/components/ionic/release/js/ionic-angular.min.js",
        "lib/components/collide/collide.min.js",
        "__CONFIGURATIONS__",
        "__CONTROLLERS__",
        "lib/js/optimization/angular.bundle.js",
        "__WITH_GULP_REM__lib/dagger/js/dagger.flexible.js",
        "__WITH_GULP_DAGGER__lib/dagger/js/dagger.loading.js",
        "__WITH_GULP_DAGGER_CALENDAR__lib/dagger/js/dagger.calendar.js",
        "__WITH_GULP_DAGGER_CAMERA__lib/dagger/js/dagger.camera.js",
        "__WITH_GULP_DAGGER_COLLAPSE__lib/dagger/js/dagger.collapse.js",
        "__WITH_GULP_DAGGER_SCROLL__lib/dagger/js/dagger.scroll.js",
        "__WITH_GULP_DAGGER_SEARCH__lib/dagger/js/dagger.search.js",
        "__WITH_GULP_DAGGER_TOAST__lib/dagger/js/dagger.toast.js",
        "__WITH_GULP_DAGGER_WIDGET__lib/dagger/js/dagger.widget.js",
        "js/services.js",
        "js/directives.js",
        "lib/js/optimization/route.js",
        "__TEMPLATE_CACHES__",
        "js/main.js",
        "cordova.js?ver=__CORDOVA_VERSION__"
    ],
    "bundle-css" : [
        "__WITH_GULP_REM__lib/components/ionic/release/css/ionic.rem.css",
        "__WITHOUT_GULP_REM__lib/components/ionic/release/css/ionic.min.css",
        "__WITHOUT_GULP_REM__lib/css/component.css",
        "lib/components/animate.css/animate.min.css",
        "__WITHOUT_GULP_DAGGER__lib/components/angular-loading-bar/build/loading-bar.min.css",
        "__STYLE_LESS__"
    ],
    "configurations": {
        "common": "js/project/configuration.common.properties.js",
        "pc": "js/project/configuration.properties.js",
        "test": "js/project/configuration_test.properties.js",
        "product": "js/project/configuration_product.properties.js"
    },
    "concat-css" : [
        "lib/components/ionic/release/css/ionic.min.css",
        "lib/css/component.min.css",
        "lib/components/animate.css/animate.min.css",
        "build/css/style.css"
    ],
    "concat-js" : [
        "lib/components/requirejs/require.js",
        "lib/dagger/js/dagger.config.js"
    ],
    "lib": [
        "lib/dagger/**/*",
        "lib/template/**/*"
    ],    
    "requirejs-config": "lib/js/config.require.min.js",
    "js-main": "js/main.js",   
    "concat-css-without-lib" : [
        "build/css/style.css"
    ],   
    "lib-js": "lib/js/main/**/*",
    "ionic-fonts": [
        "lib/components/ionic/release/fonts/**/*",
        "lib/dagger/fonts/**/*"
    ],
    "lib-images": [
        "lib/images/**/*"
    ],
    "others": [
        "**/*",
        "!build/**/*",
        "!css/**/*",
        "!images/**/*",
        "!csstmp/**/*",
        "!localPath/**/*",
        "!js/**/*",        
        "!template/**/*",
        "!svg/**/*",
        "!out/**/*",
        "!lib",
        "!lib/**/*",
        "!build.*", 
        "!*.bat",
        "!*.zip",
        "!*.rar",
        "!.csslintrc",
        "!.editorconfig",
        "!.eslintrc",
        "!.jscsrc",
        "!.jshintrc",
        "!.gitignore",
        "!package/**/*",
        "!dist/**/*",
        "!app.js",
        "!gulp.json",
        "!package.json",
        "!node_modules",
        "!gulpfile.js",
        "!builder.vbs",
        "!.gitlab-ci.yml"
    ],
    "paths": {
        "jquery": "lib/components/jquery/jquery.min",
        "angular": "lib/components/angular/angular.min",
        "angular_animate": "lib/components/angular-animate/angular-animate.min",
        "angular_sanitize": "lib/components/angular-sanitize/angular-sanitize.min",
        "angular_ui_router": "lib/components/angular-ui-router/release/angular-ui-router.min",
        "ionic": "lib/components/ionic/release/js/ionic.min",
        "ionic_angular": "lib/components/ionic/release/js/ionic-angular.min",
        "loading": "lib/js/main/loadingBar",
        "i_scroll": "lib/components/iscroll/build/iscroll",
        "ng_i_scroll": "lib/components/ng-iScroll/src/ng-iscroll.min",
        "collide": "lib/components/collide/collide",
        "angular_translate": "lib/components/angular-translate/angular-translate.min",
        "angular_translate_loader_static_files": "lib/components/angular-translate-loader-static-files/angular-translate-loader-static-files.min"
    },
    "shim": {
        "angular": {
            "deps": [
                "jquery"
            ],
            "exports": "angular"
        },
        "angular_animate": {
            "deps": ["angular"],
            "exports": "angular_animate"
        },
        "angular_sanitize": {
            "deps": ["angular"],
            "exports": "angular_sanitize"
        },
        "angular_ui_router": {
            "deps": ["angular"],
            "exports": "angular_ui_router"
        },
        "ionic": {
            "exports": "ionic"
        },
        "ionic_angular": {
            "deps": [
                "angular",
                "angular_animate",
                "angular_sanitize",
                "angular_ui_router",
                "ionic"
            ],
            "exports": "ionic_angular"
        },
        "loading": {
            "deps": ["angular"],
            "exports": "loading"
        },
        "ng_i_scroll": {
            "deps": [
                "angular",
                "i_scroll"
            ],
            "exports": "ng_i_scroll"
        },
        "collide": {
            "exports": "collide"
        },
        "angular_translate": {
            "deps": ["angular"],
            "exports": "angular_translate"
        },
        "angular_translate_loader_static_files": {
            "deps": ["angular", "angular_translate"],
            "exports": "angular_translate_loader_static_files"
        }
    }
}