{
    "vacationType": [
    {
        "text": "事假",
        "value": 0,
        "code": 1
    },
    {
        "text": "病假",
        "value": 1,
        "code": 2
    },
    {
        "text": "年休假",
        "value": 2,
        "code": 3
    },
    {
        "text": "婚假",
        "value": 3,
        "code": 4
    },
    {
        "text": "哺育假",
        "value": 4,
        "code": 5
    },
    {
        "text": "陪护假",
        "value": 5,
        "code": 7
    },
    {
        "text": "工伤假",
        "value": 6,
        "code": 8
    },
    {
        "text": "丧假",
        "value": 7,
        "code": 9
    },
    {
        "text": "调休",
        "value": 8,
        "code": 10
    },
    {
        "text": "产检假",
        "value": 9,
        "code": 11
    },
    {
        "text": "产检（社保发放）",
        "value": 10,
        "code": 13
    },
    {
        "text": "公差",
        "value": 11,
        "code": 14
    }],
    "overWorkType": [{
        "text": "加班（抵调休）",
        "value": 0,
        "code": 11
    }],
    "retroactiveType": [{
        "text": "忘打卡",
        "value": 0,
        "code": 1
    }, {
        "text": "新员工入职",
        "value": 1,
        "code": 8
    }, {
        "text": "打纸卡",
        "value": 2,
        "code": 9
    }, {
        "text": "忘带卡",
        "value": 3,
        "code": 2
    }, {
        "text": "公出",
        "value": 4,
        "code": 3
    }, {
        "text": "卡损坏",
        "value": 5,
        "code": 4
    }, {
        "text": "加班",
        "value": 6,
        "code": 6
    }]
}